,,VENTAS DIARIAS ,,,,,,,,INTERACCIONES POR REDES ,,,,,,,,,,
FECHA,CANT/MONTO,WHATSAPP ,INSTAGRAM,FACEBOOK ,SHOWROOM ,WEB ,TIENDA,TOTAL ,,,,WHATSAPP,INTAGRAM ,FACEBOOK ,,,,WHATSAPP,INTAGRAM ,FACEBOOK 
2026-08-01 00:00:00,CANTIDAD ,0.0,0.0,0.0,0.0,2.0,7.0,9,,46235,CANT. CONTACTOS ,25.0,5.0,0.0,,46250,CANT. CONTACTOS ,40.0,7.0,0.0
,MONTO ,0.0,0.0,0.0,0.0,611.6,3588.6,4200.2,,,CANT. VENTAS ,0.0,0.0,0.0,,,CANT. VENTAS ,0.0,0.0,0.0
2026-08-02 00:00:00,CANTIDAD ,0.0,0.0,0.0,0.0,0.0,2.0,2,,,TASA DE VENTA ,0.0,0.0,0.0,,,TASA DE VENTA ,0.0,0.0,0.0
,MONTO ,0.0,0.0,0.0,0.0,0.0,289.3,289.3,,,MONTO TOTAL,0.0,0.0,0.0,,,MONTO TOTAL,0.0,0.0,0.0
2026-08-03 00:00:00,CANTIDAD ,0.0,0.0,0.0,0.0,1.0,4.0,5,,46236,CANT. CONTACTOS ,5.0,2.0,0.0,,46251,CANT. CONTACTOS ,12.0,5.0,0.0
,MONTO ,0.0,0.0,0.0,0.0,59.9,862.1,922,,,CANT. VENTAS ,0.0,0.0,0.0,,,CANT. VENTAS ,0.0,0.0,0.0
2026-08-04 00:00:00,CANTIDAD ,1.0,1.0,0.0,0.0,0.0,7.0,9,,,TASA DE VENTA ,0.0,0.0,0.0,,,TASA DE VENTA ,0.0,0.0,0.0
,MONTO ,175.3,196.3,0.0,0.0,0.0,1822.1,2193.7,,,MONTO TOTAL,0.0,0.0,0.0,,,MONTO TOTAL,0.0,0.0,0.0
2026-08-05 00:00:00,CANTIDAD ,0.0,1.0,0.0,1.0,0.0,5.0,7,,46237,CANT. CONTACTOS ,21.0,2.0,0.0,,46252,CANT. CONTACTOS ,,,
,MONTO ,0.0,166.3,0.0,214.8,0.0,1674.8,2055.9,,,CANT. VENTAS ,0.0,0.0,0.0,,,CANT. VENTAS ,,,
2026-08-06 00:00:00,CANTIDAD ,0.0,0.0,0.0,0.0,0.0,8.0,8,,,TASA DE VENTA ,0.0,0.0,0.0,,,TASA DE VENTA ,,,
,MONTO ,0.0,0.0,0.0,0.0,0.0,1543.1,1543.1,,,MONTO TOTAL,0.0,0.0,0.0,,,MONTO TOTAL,,,
2026-08-07 00:00:00,CANTIDAD ,0.0,0.0,0.0,1.0,1.0,8.0,10,,46238,CANT. CONTACTOS ,30.0,1.0,0.0,,46253,CANT. CONTACTOS ,,,
,MONTO ,0.0,0.0,0.0,149.4,508.9,2892.4,3550.7,,,CANT. VENTAS ,2.0,1.0,0.0,,,CANT. VENTAS ,,,
2026-08-08 00:00:00,CANTIDAD ,0.0,0.0,0.0,0.0,0.0,8.0,8,,,TASA DE VENTA ,,,0.0,,,TASA DE VENTA ,,,
,MONTO ,0.0,0.0,0.0,0.0,0.0,2498.9,2498.9,,,MONTO TOTAL,341.6,175.3,0.0,,,MONTO TOTAL,,,
2026-08-09 00:00:00,CANTIDAD ,0.0,0.0,0.0,0.0,0.0,4.0,4,,46239,CANT. CONTACTOS ,26.0,3.0,1.0,,46254,CANT. CONTACTOS ,,,
,MONTO ,0.0,0.0,0.0,0.0,0.0,834.9,834.9,,,CANT. VENTAS ,1.0,1.0,0.0,,,CANT. VENTAS ,,,
2026-08-10 00:00:00,CANTIDAD ,0.0,0.0,0.0,1.0,1.0,5.0,7,,,TASA DE VENTA ,,,0.0,,,TASA DE VENTA ,,,
,MONTO ,0.0,0.0,0.0,340.6,342.6,1211.1,1894.3,,,MONTO TOTAL,196.3,166.3,0.0,,,MONTO TOTAL,,,
2026-08-11 00:00:00,CANTIDAD ,0.0,0.0,0.0,1.0,3.0,9.0,13,,46240,CANT. CONTACTOS ,11.0,1.0,0.0,,46255,CANT. CONTACTOS ,,,
,MONTO ,0.0,0.0,0.0,185.4,682.8,2924.9,3793.1,,,CANT. VENTAS ,0.0,0.0,0.0,,,CANT. VENTAS ,,,
2026-08-12 00:00:00,CANTIDAD ,0.0,0.0,0.0,0.0,2.0,8.0,10,,,TASA DE VENTA ,0.0,0.0,0.0,,,TASA DE VENTA ,,,
,MONTO ,0.0,0.0,0.0,0.0,422.3,3175.1,3597.4,,,MONTO TOTAL,0.0,0.0,0.0,,,MONTO TOTAL,,,
2026-08-13 00:00:00,CANTIDAD ,1.0,0.0,0.0,0.0,0.0,6.0,7,,46241,CANT. CONTACTOS ,28.0,0.0,0.0,,46256,CANT. CONTACTOS ,,,
,MONTO ,167.4,0.0,0.0,0.0,0.0,1117.2,1284.6,,,CANT. VENTAS ,0.0,0.0,0.0,,,CANT. VENTAS ,,,
2026-08-14 00:00:00,CANTIDAD ,2.0,0.0,0.0,0.0,0.0,13.0,15,,,TASA DE VENTA ,0.0,0.0,0.0,,,TASA DE VENTA ,,,
,MONTO ,623.4,0.0,0.0,0.0,0.0,4067.2,4690.6,,,MONTO TOTAL,0.0,0.0,0.0,,,MONTO TOTAL,,,
2026-08-15 00:00:00,CANTIDAD ,0.0,0.0,0.0,0.0,7.0,6.0,13,,46242,CANT. CONTACTOS ,25.0,1.0,0.0,,46257,CANT. CONTACTOS ,,,
,MONTO ,0.0,0.0,0.0,0.0,3042.6,2634.2,5676.8,,,CANT. VENTAS ,0.0,0.0,0.0,,,CANT. VENTAS ,,,
2026-08-16 00:00:00,CANTIDAD ,0.0,0.0,0.0,0.0,17.0,11.0,28,,,TASA DE VENTA ,0.0,0.0,0.0,,,TASA DE VENTA ,,,
,MONTO ,0.0,0.0,0.0,0.0,6389.2,3348.8,9738,,,MONTO TOTAL,0.0,0.0,0.0,,,MONTO TOTAL,,,
2026-08-17 00:00:00,CANTIDAD ,0.0,0.0,0.0,0.0,1.0,,1,,46243,CANT. CONTACTOS ,19.0,1.0,0.0,,46258,CANT. CONTACTOS ,,,
,MONTO ,0.0,0.0,0.0,0.0,220.6,,220.6,,,CANT. VENTAS ,0.0,0.0,0.0,,,CANT. VENTAS ,,,
2026-08-18 00:00:00,CANTIDAD ,,,,,,,0,,,TASA DE VENTA ,0.0,0.0,0.0,,,TASA DE VENTA ,,,
,MONTO ,,,,,,,0,,,MONTO TOTAL,0.0,0.0,0.0,,,MONTO TOTAL,,,
2026-08-19 00:00:00,CANTIDAD ,,,,,,,0,,46244,CANT. CONTACTOS ,19.0,4.0,0.0,,46259,CANT. CONTACTOS ,,,
,MONTO ,,,,,,,0,,,CANT. VENTAS ,0.0,0.0,0.0,,,CANT. VENTAS ,,,
2026-08-20 00:00:00,CANTIDAD ,,,,,,,0,,,TASA DE VENTA ,0.0,0.0,0.0,,,TASA DE VENTA ,,,
,MONTO ,,,,,,,0,,,MONTO TOTAL,0.0,0.0,0.0,,,MONTO TOTAL,,,
2026-08-21 00:00:00,CANTIDAD ,,,,,,,0,,46245,CANT. CONTACTOS ,12.0,1.0,0.0,,46260,CANT. CONTACTOS ,,,
,MONTO ,,,,,,,0,,,CANT. VENTAS ,0.0,0.0,0.0,,,CANT. VENTAS ,,,
2026-08-22 00:00:00,CANTIDAD ,,,,,,,0,,,TASA DE VENTA ,0.0,0.0,0.0,,,TASA DE VENTA ,,,
,MONTO ,,,,,,,0,,,MONTO TOTAL,0.0,0.0,0.0,,,MONTO TOTAL,,,
2026-08-23 00:00:00,CANTIDAD ,,,,,,,0,,46246,CANT. CONTACTOS ,20.0,0.0,0.0,,46261,CANT. CONTACTOS ,,,
,MONTO ,,,,,,,0,,,CANT. VENTAS ,0.0,0.0,0.0,,,CANT. VENTAS ,,,
2026-08-24 00:00:00,CANTIDAD ,,,,,,,0,,,TASA DE VENTA ,0.0,0.0,0.0,,,TASA DE VENTA ,,,
,MONTO ,,,,,,,0,,,MONTO TOTAL,0.0,0.0,0.0,,,MONTO TOTAL,,,
2026-08-25 00:00:00,CANTIDAD ,,,,,,,0,,46247,CANT. CONTACTOS ,18.0,2.0,0.0,,46262,CANT. CONTACTOS ,,,
,MONTO ,,,,,,,0,,,CANT. VENTAS ,1.0,0.0,0.0,,,CANT. VENTAS ,,,
2026-08-26 00:00:00,CANTIDAD ,,,,,,,0,,,TASA DE VENTA ,,0.0,0.0,,,TASA DE VENTA ,,,
,MONTO ,,,,,,,0,,,MONTO TOTAL,164.4,0.0,0.0,,,MONTO TOTAL,,,
2026-08-27 00:00:00,CANTIDAD ,,,,,,,0,,46248,CANT. CONTACTOS ,22.0,3.0,0.0,,46263,CANT. CONTACTOS ,,,
,MONTO ,,,,,,,0,,,CANT. VENTAS ,2.0,0.0,0.0,,,CANT. VENTAS ,,,
2026-08-28 00:00:00,CANTIDAD ,,,,,,,0,,,TASA DE VENTA ,,0.0,0.0,,,TASA DE VENTA ,,,
,MONTO ,,,,,,,0,,,MONTO TOTAL,623.4,0.0,0.0,,,MONTO TOTAL,,,
2026-08-29 00:00:00,CANTIDAD ,,,,,,,0,,46249,CANT. CONTACTOS ,39.0,3.0,0.0,,46264,CANT. CONTACTOS ,,,
,MONTO ,,,,,,,0,,,CANT. VENTAS ,0.0,0.0,0.0,,,CANT. VENTAS ,,,
2026-08-30 00:00:00,CANTIDAD ,,,,,,,0,,,TASA DE VENTA ,0.0,0.0,0.0,,,TASA DE VENTA ,,,
,MONTO ,,,,,,,0,,,MONTO TOTAL,0.0,0.0,0.0,,,MONTO TOTAL,,,
2026-08-31 00:00:00,CANTIDAD ,,,,,,,0,,,,,,,,46265,,,,
,MONTO ,,,,,,,0,,,,,,,,,,,,
,,,,,,,,,,,,,,,,,,,,
,,,,,,,,,,,,,,,,,,,,
,,,,,,,,,,,,,,,,,,,,
,,,,,,,,,,,,,,,,,,,,
,,,,,,,,,,,,,,,,,,,,
,,,,,,,,,,,,,,,,,,,,
